,updateDate,code,code_name
0,2020-12-28,sh.600006,东风汽车
1,2020-12-28,sh.600008,首创股份
2,2020-12-28,sh.600021,上海电力
3,2020-12-28,sh.600022,山东钢铁
4,2020-12-28,sh.600026,中远海能
5,2020-12-28,sh.600037,歌华有线
6,2020-12-28,sh.600038,中直股份
7,2020-12-28,sh.600039,四川路桥
8,2020-12-28,sh.600053,九鼎投资
9,2020-12-28,sh.600056,中国医药
10,2020-12-28,sh.600060,海信视像
11,2020-12-28,sh.600062,华润双鹤
12,2020-12-28,sh.600064,南京高科
13,2020-12-28,sh.600073,上海梅林
14,2020-12-28,sh.600079,人福医药
15,2020-12-28,sh.600089,特变电工
16,2020-12-28,sh.600094,大名城
17,2020-12-28,sh.600120,浙江东方
18,2020-12-28,sh.600126,杭钢股份
19,2020-12-28,sh.600131,国网信通
20,2020-12-28,sh.600132,重庆啤酒
21,2020-12-28,sh.600141,兴发集团
22,2020-12-28,sh.600143,金发科技
23,2020-12-28,sh.600153,建发股份
24,2020-12-28,sh.600155,华创阳安
25,2020-12-28,sh.600158,中体产业
26,2020-12-28,sh.600160,巨化股份
27,2020-12-28,sh.600166,福田汽车
28,2020-12-28,sh.600167,联美控股
29,2020-12-28,sh.600170,上海建工
30,2020-12-28,sh.600171,上海贝岭
31,2020-12-28,sh.600188,兖州煤业
32,2020-12-28,sh.600195,中牧股份
33,2020-12-28,sh.600201,生物股份
34,2020-12-28,sh.600216,浙江医药
35,2020-12-28,sh.600219,南山铝业
36,2020-12-28,sh.600256,广汇能源
37,2020-12-28,sh.600258,首旅酒店
38,2020-12-28,sh.600259,广晟有色
39,2020-12-28,sh.600260,凯乐科技
40,2020-12-28,sh.600266,城建发展
41,2020-12-28,sh.600273,嘉化能源
42,2020-12-28,sh.600277,亿利洁能
43,2020-12-28,sh.600282,南钢股份
44,2020-12-28,sh.600291,西水股份
45,2020-12-28,sh.600307,酒钢宏兴
46,2020-12-28,sh.600312,平高电气
47,2020-12-28,sh.600315,上海家化
48,2020-12-28,sh.600316,洪都航空
49,2020-12-28,sh.600325,华发股份
50,2020-12-28,sh.600329,中新药业
51,2020-12-28,sh.600338,西藏珠峰
52,2020-12-28,sh.600339,中油工程
53,2020-12-28,sh.600348,阳泉煤业
54,2020-12-28,sh.600350,山东高速
55,2020-12-28,sh.600372,中航电子
56,2020-12-28,sh.600373,中文传媒
57,2020-12-28,sh.600376,首开股份
58,2020-12-28,sh.600380,健康元
59,2020-12-28,sh.600388,龙净环保
60,2020-12-28,sh.600392,盛和资源
61,2020-12-28,sh.600398,海澜之家
62,2020-12-28,sh.600409,三友化工
63,2020-12-28,sh.600410,华胜天成
64,2020-12-28,sh.600415,小商品城
65,2020-12-28,sh.600418,江淮汽车
66,2020-12-28,sh.600426,华鲁恒升
67,2020-12-28,sh.600435,北方导航
68,2020-12-28,sh.600446,金证股份
69,2020-12-28,sh.600460,士兰微
70,2020-12-28,sh.600466,蓝光发展
71,2020-12-28,sh.600486,扬农化工
72,2020-12-28,sh.600497,驰宏锌锗
73,2020-12-28,sh.600500,中化国际
74,2020-12-28,sh.600507,方大特钢
75,2020-12-28,sh.600511,国药股份
76,2020-12-28,sh.600515,海航基础
77,2020-12-28,sh.600516,方大炭素
78,2020-12-28,sh.600517,国网英大
79,2020-12-28,sh.600528,中铁工业
80,2020-12-28,sh.600529,山东药玻
81,2020-12-28,sh.600535,天士力
82,2020-12-28,sh.600545,卓郎智能
83,2020-12-28,sh.600546,山煤国际
84,2020-12-28,sh.600549,厦门钨业
85,2020-12-28,sh.600556,天下秀
86,2020-12-28,sh.600563,法拉电子
87,2020-12-28,sh.600566,济川药业
88,2020-12-28,sh.600567,山鹰国际
89,2020-12-28,sh.600572,康恩贝
90,2020-12-28,sh.600575,淮河能源
91,2020-12-28,sh.600580,卧龙电驱
92,2020-12-28,sh.600582,天地科技
93,2020-12-28,sh.600597,光明乳业
94,2020-12-28,sh.600598,北大荒
95,2020-12-28,sh.600623,华谊集团
96,2020-12-28,sh.600633,浙数文化
97,2020-12-28,sh.600639,浦东金桥
98,2020-12-28,sh.600640,号百控股
99,2020-12-28,sh.600642,申能股份
100,2020-12-28,sh.600643,爱建集团
101,2020-12-28,sh.600645,中源协和
102,2020-12-28,sh.600648,外高桥
103,2020-12-28,sh.600649,城投控股
104,2020-12-28,sh.600657,信达地产
105,2020-12-28,sh.600664,哈药股份
106,2020-12-28,sh.600667,太极实业
107,2020-12-28,sh.600673,东阳光
108,2020-12-28,sh.600675,中华企业
109,2020-12-28,sh.600699,均胜电子
110,2020-12-28,sh.600704,物产中大
111,2020-12-28,sh.600707,彩虹股份
112,2020-12-28,sh.600717,天津港
113,2020-12-28,sh.600718,东软集团
114,2020-12-28,sh.600728,佳都科技
115,2020-12-28,sh.600729,重庆百货
116,2020-12-28,sh.600733,北汽蓝谷
117,2020-12-28,sh.600737,中粮糖业
118,2020-12-28,sh.600739,辽宁成大
119,2020-12-28,sh.600748,上实发展
120,2020-12-28,sh.600754,锦江酒店
121,2020-12-28,sh.600755,厦门国贸
122,2020-12-28,sh.600765,中航重机
123,2020-12-28,sh.600776,东方通信
124,2020-12-28,sh.600779,水井坊
125,2020-12-28,sh.600782,新钢股份
126,2020-12-28,sh.600787,中储股份
127,2020-12-28,sh.600801,华新水泥
128,2020-12-28,sh.600804,鹏博士
129,2020-12-28,sh.600808,马钢股份
130,2020-12-28,sh.600811,东方集团
131,2020-12-28,sh.600820,隧道股份
132,2020-12-28,sh.600823,世茂股份
133,2020-12-28,sh.600827,百联股份
134,2020-12-28,sh.600835,上海机电
135,2020-12-28,sh.600839,四川长虹
136,2020-12-28,sh.600859,王府井
137,2020-12-28,sh.600862,中航高科
138,2020-12-28,sh.600863,内蒙华电
139,2020-12-28,sh.600867,通化东宝
140,2020-12-28,sh.600869,智慧能源
141,2020-12-28,sh.600871,石化油服
142,2020-12-28,sh.600875,东方电气
143,2020-12-28,sh.600879,航天电子
144,2020-12-28,sh.600881,亚泰集团
145,2020-12-28,sh.600884,杉杉股份
146,2020-12-28,sh.600885,宏发股份
147,2020-12-28,sh.600895,张江高科
148,2020-12-28,sh.600901,江苏租赁
149,2020-12-28,sh.600903,贵州燃气
150,2020-12-28,sh.600908,无锡银行
151,2020-12-28,sh.600909,华安证券
152,2020-12-28,sh.600917,重庆燃气
153,2020-12-28,sh.600928,西安银行
154,2020-12-28,sh.600959,江苏有线
155,2020-12-28,sh.600967,内蒙一机
156,2020-12-28,sh.600968,海油发展
157,2020-12-28,sh.600970,中材国际
158,2020-12-28,sh.600985,淮北矿业
159,2020-12-28,sh.601000,唐山港
160,2020-12-28,sh.601003,柳钢股份
161,2020-12-28,sh.601005,重庆钢铁
162,2020-12-28,sh.601016,节能风电
163,2020-12-28,sh.601068,中铝国际
164,2020-12-28,sh.601098,中南传媒
165,2020-12-28,sh.601099,太平洋
166,2020-12-28,sh.601106,中国一重
167,2020-12-28,sh.601118,海南橡胶
168,2020-12-28,sh.601127,小康股份
169,2020-12-28,sh.601128,常熟银行
170,2020-12-28,sh.601139,深圳燃气
171,2020-12-28,sh.601168,西部矿业
172,2020-12-28,sh.601179,中国西电
173,2020-12-28,sh.601200,上海环境
174,2020-12-28,sh.601228,广州港
175,2020-12-28,sh.601233,桐昆股份
176,2020-12-28,sh.601298,青岛港
177,2020-12-28,sh.601333,广深铁路
178,2020-12-28,sh.601456,国联证券
179,2020-12-28,sh.601512,中新集团
180,2020-12-28,sh.601598,中国外运
181,2020-12-28,sh.601608,中信重工
182,2020-12-28,sh.601611,中国核建
183,2020-12-28,sh.601615,明阳智能
184,2020-12-28,sh.601689,拓普集团
185,2020-12-28,sh.601699,潞安环能
186,2020-12-28,sh.601717,郑煤机
187,2020-12-28,sh.601718,际华集团
188,2020-12-28,sh.601778,晶科科技
189,2020-12-28,sh.601799,星宇股份
190,2020-12-28,sh.601801,皖新传媒
191,2020-12-28,sh.601828,美凯龙
192,2020-12-28,sh.601860,紫金银行
193,2020-12-28,sh.601865,福莱特
194,2020-12-28,sh.601866,中远海发
195,2020-12-28,sh.601869,长飞光纤
196,2020-12-28,sh.601880,大连港
197,2020-12-28,sh.601928,凤凰传媒
198,2020-12-28,sh.601958,金钼股份
199,2020-12-28,sh.601966,玲珑轮胎
200,2020-12-28,sh.601969,海南矿业
201,2020-12-28,sh.601975,招商南油
202,2020-12-28,sh.601992,金隅集团
203,2020-12-28,sh.601997,贵阳银行
204,2020-12-28,sh.603000,人民网
205,2020-12-28,sh.603056,德邦股份
206,2020-12-28,sh.603077,和邦生物
207,2020-12-28,sh.603198,迎驾贡酒
208,2020-12-28,sh.603225,新凤鸣
209,2020-12-28,sh.603228,景旺电子
210,2020-12-28,sh.603256,宏和科技
211,2020-12-28,sh.603260,合盛硅业
212,2020-12-28,sh.603290,斯达半导
213,2020-12-28,sh.603317,天味食品
214,2020-12-28,sh.603328,依顿电子
215,2020-12-28,sh.603338,浙江鼎力
216,2020-12-28,sh.603345,安井食品
217,2020-12-28,sh.603355,莱克电气
218,2020-12-28,sh.603377,东方时尚
219,2020-12-28,sh.603379,三美股份
220,2020-12-28,sh.603444,吉比特
221,2020-12-28,sh.603486,科沃斯
222,2020-12-28,sh.603515,欧普照明
223,2020-12-28,sh.603568,伟明环保
224,2020-12-28,sh.603589,口子窖
225,2020-12-28,sh.603605,珀莱雅
226,2020-12-28,sh.603638,艾迪精密
227,2020-12-28,sh.603650,彤程新材
228,2020-12-28,sh.603708,家家悦
229,2020-12-28,sh.603712,七一二
230,2020-12-28,sh.603719,良品铺子
231,2020-12-28,sh.603737,三棵树
232,2020-12-28,sh.603786,科博达
233,2020-12-28,sh.603806,福斯特
234,2020-12-28,sh.603816,顾家家居
235,2020-12-28,sh.603858,步长制药
236,2020-12-28,sh.603866,桃李面包
237,2020-12-28,sh.603868,飞科电器
238,2020-12-28,sh.603882,金域医学
239,2020-12-28,sh.603883,老百姓
240,2020-12-28,sh.603885,吉祥航空
241,2020-12-28,sh.603888,新华网
242,2020-12-28,sh.603893,瑞芯微
243,2020-12-28,sh.603927,中科软
244,2020-12-28,sh.603983,丸美股份
245,2020-12-28,sh.688002,睿创微纳
246,2020-12-28,sh.688029,南微医学
247,2020-12-28,sh.688088,虹软科技
248,2020-12-28,sh.688099,晶晨股份
249,2020-12-28,sh.688321,微芯生物
250,2020-12-28,sz.000008,神州高铁
251,2020-12-28,sz.000009,中国宝安
252,2020-12-28,sz.000012,南玻A
253,2020-12-28,sz.000021,深科技
254,2020-12-28,sz.000027,深圳能源
255,2020-12-28,sz.000028,国药一致
256,2020-12-28,sz.000031,大悦城
257,2020-12-28,sz.000039,中集集团
258,2020-12-28,sz.000046,泛海控股
259,2020-12-28,sz.000050,深天马A
260,2020-12-28,sz.000060,中金岭南
261,2020-12-28,sz.000061,农产品
262,2020-12-28,sz.000062,深圳华强
263,2020-12-28,sz.000078,海王生物
264,2020-12-28,sz.000089,深圳机场
265,2020-12-28,sz.000090,天健集团
266,2020-12-28,sz.000156,华数传媒
267,2020-12-28,sz.000158,常山北明
268,2020-12-28,sz.000301,东方盛虹
269,2020-12-28,sz.000400,许继电气
270,2020-12-28,sz.000401,冀东水泥
271,2020-12-28,sz.000402,金融街
272,2020-12-28,sz.000415,渤海租赁
273,2020-12-28,sz.000488,晨鸣纸业
274,2020-12-28,sz.000501,鄂武商A
275,2020-12-28,sz.000513,丽珠集团
276,2020-12-28,sz.000519,中兵红箭
277,2020-12-28,sz.000528,柳工
278,2020-12-28,sz.000537,广宇发展
279,2020-12-28,sz.000540,中天金融
280,2020-12-28,sz.000543,皖能电力
281,2020-12-28,sz.000547,航天发展
282,2020-12-28,sz.000553,安道麦A
283,2020-12-28,sz.000559,万向钱潮
284,2020-12-28,sz.000563,陕国投A
285,2020-12-28,sz.000564,供销大集
286,2020-12-28,sz.000581,威孚高科
287,2020-12-28,sz.000598,兴蓉环境
288,2020-12-28,sz.000600,建投能源
289,2020-12-28,sz.000623,吉林敖东
290,2020-12-28,sz.000629,攀钢钒钛
291,2020-12-28,sz.000630,铜陵有色
292,2020-12-28,sz.000636,风华高科
293,2020-12-28,sz.000681,视觉中国
294,2020-12-28,sz.000685,中山公用
295,2020-12-28,sz.000686,东北证券
296,2020-12-28,sz.000690,宝新能源
297,2020-12-28,sz.000709,河钢股份
298,2020-12-28,sz.000717,韶钢松山
299,2020-12-28,sz.000718,苏宁环球
300,2020-12-28,sz.000729,燕京啤酒
301,2020-12-28,sz.000732,泰禾集团
302,2020-12-28,sz.000738,航发控制
303,2020-12-28,sz.000739,普洛药业
304,2020-12-28,sz.000750,国海证券
305,2020-12-28,sz.000758,中色股份
306,2020-12-28,sz.000778,新兴铸管
307,2020-12-28,sz.000807,云铝股份
308,2020-12-28,sz.000813,德展健康
309,2020-12-28,sz.000825,太钢不锈
310,2020-12-28,sz.000826,启迪环境
311,2020-12-28,sz.000830,鲁西化工
312,2020-12-28,sz.000869,张裕A
313,2020-12-28,sz.000877,天山股份
314,2020-12-28,sz.000878,云南铜业
315,2020-12-28,sz.000883,湖北能源
316,2020-12-28,sz.000887,中鼎股份
317,2020-12-28,sz.000898,鞍钢股份
318,2020-12-28,sz.000930,中粮科技
319,2020-12-28,sz.000932,华菱钢铁
320,2020-12-28,sz.000937,冀中能源
321,2020-12-28,sz.000959,首钢股份
322,2020-12-28,sz.000960,锡业股份
323,2020-12-28,sz.000967,盈峰环境
324,2020-12-28,sz.000970,中科三环
325,2020-12-28,sz.000975,银泰黄金
326,2020-12-28,sz.000983,山西焦煤
327,2020-12-28,sz.000988,华工科技
328,2020-12-28,sz.000990,诚志股份
329,2020-12-28,sz.000997,新大陆
330,2020-12-28,sz.000998,隆平高科
331,2020-12-28,sz.000999,华润三九
332,2020-12-28,sz.001872,招商港口
333,2020-12-28,sz.001914,招商积余
334,2020-12-28,sz.002002,鸿达兴业
335,2020-12-28,sz.002004,华邦健康
336,2020-12-28,sz.002010,传化智联
337,2020-12-28,sz.002013,中航机电
338,2020-12-28,sz.002019,亿帆医药
339,2020-12-28,sz.002028,思源电气
340,2020-12-28,sz.002030,达安基因
341,2020-12-28,sz.002038,双鹭药业
342,2020-12-28,sz.002048,宁波华翔
343,2020-12-28,sz.002051,中工国际
344,2020-12-28,sz.002056,横店东磁
345,2020-12-28,sz.002064,华峰氨纶
346,2020-12-28,sz.002074,国轩高科
347,2020-12-28,sz.002075,沙钢股份
348,2020-12-28,sz.002078,太阳纸业
349,2020-12-28,sz.002080,中材科技
350,2020-12-28,sz.002081,金螳螂
351,2020-12-28,sz.002085,万丰奥威
352,2020-12-28,sz.002092,中泰化学
353,2020-12-28,sz.002093,国脉科技
354,2020-12-28,sz.002110,三钢闽光
355,2020-12-28,sz.002124,天邦股份
356,2020-12-28,sz.002128,露天煤业
357,2020-12-28,sz.002131,利欧股份
358,2020-12-28,sz.002138,顺络电子
359,2020-12-28,sz.002152,广电运通
360,2020-12-28,sz.002155,湖南黄金
361,2020-12-28,sz.002156,通富微电
362,2020-12-28,sz.002174,游族网络
363,2020-12-28,sz.002183,怡亚通
364,2020-12-28,sz.002185,华天科技
365,2020-12-28,sz.002191,劲嘉股份
366,2020-12-28,sz.002195,二三四五
367,2020-12-28,sz.002203,海亮股份
368,2020-12-28,sz.002212,天融信
369,2020-12-28,sz.002217,合力泰
370,2020-12-28,sz.002221,东华能源
371,2020-12-28,sz.002223,鱼跃医疗
372,2020-12-28,sz.002233,塔牌集团
373,2020-12-28,sz.002242,九阳股份
374,2020-12-28,sz.002244,滨江集团
375,2020-12-28,sz.002249,大洋电机
376,2020-12-28,sz.002250,联化科技
377,2020-12-28,sz.002266,浙富控股
378,2020-12-28,sz.002268,卫士通
379,2020-12-28,sz.002273,水晶光电
380,2020-12-28,sz.002281,光迅科技
381,2020-12-28,sz.002294,信立泰
382,2020-12-28,sz.002299,圣农发展
383,2020-12-28,sz.002302,西部建设
384,2020-12-28,sz.002317,众生药业
385,2020-12-28,sz.002340,格林美
386,2020-12-28,sz.002353,杰瑞股份
387,2020-12-28,sz.002368,太极股份
388,2020-12-28,sz.002372,伟星新材
389,2020-12-28,sz.002373,千方科技
390,2020-12-28,sz.002375,亚厦股份
391,2020-12-28,sz.002382,蓝帆医疗
392,2020-12-28,sz.002385,大北农
393,2020-12-28,sz.002387,维信诺
394,2020-12-28,sz.002390,信邦制药
395,2020-12-28,sz.002396,星网锐捷
396,2020-12-28,sz.002399,海普瑞
397,2020-12-28,sz.002408,齐翔腾达
398,2020-12-28,sz.002416,爱施德
399,2020-12-28,sz.002419,天虹股份
400,2020-12-28,sz.002423,中粮资本
401,2020-12-28,sz.002424,贵州百灵
402,2020-12-28,sz.002429,兆驰股份
403,2020-12-28,sz.002434,万里扬
404,2020-12-28,sz.002440,闰土股份
405,2020-12-28,sz.002444,巨星科技
406,2020-12-28,sz.002458,益生股份
407,2020-12-28,sz.002465,海格通信
408,2020-12-28,sz.002468,申通快递
409,2020-12-28,sz.002500,山西证券
410,2020-12-28,sz.002503,搜于特
411,2020-12-28,sz.002505,大康农业
412,2020-12-28,sz.002506,协鑫集成
413,2020-12-28,sz.002507,涪陵榨菜
414,2020-12-28,sz.002511,中顺洁柔
415,2020-12-28,sz.002544,杰赛科技
416,2020-12-28,sz.002557,洽洽食品
417,2020-12-28,sz.002563,森马服饰
418,2020-12-28,sz.002568,百润股份
419,2020-12-28,sz.002572,索菲亚
420,2020-12-28,sz.002583,海能达
421,2020-12-28,sz.002589,瑞康医药
422,2020-12-28,sz.002595,豪迈科技
423,2020-12-28,sz.002603,以岭药业
424,2020-12-28,sz.002625,光启技术
425,2020-12-28,sz.002635,安洁科技
426,2020-12-28,sz.002640,跨境通
427,2020-12-28,sz.002648,卫星石化
428,2020-12-28,sz.002653,海思科
429,2020-12-28,sz.002670,国盛金控
430,2020-12-28,sz.002683,宏大爆破
431,2020-12-28,sz.002690,美亚光电
432,2020-12-28,sz.002701,奥瑞金
433,2020-12-28,sz.002705,新宝股份
434,2020-12-28,sz.002709,天赐材料
435,2020-12-28,sz.002745,木林森
436,2020-12-28,sz.002791,坚朗五金
437,2020-12-28,sz.002797,第一创业
438,2020-12-28,sz.002807,江阴银行
439,2020-12-28,sz.002815,崇达技术
440,2020-12-28,sz.002818,富森美
441,2020-12-28,sz.002831,裕同科技
442,2020-12-28,sz.002839,张家港行
443,2020-12-28,sz.002867,周大生
444,2020-12-28,sz.002901,大博医疗
445,2020-12-28,sz.002920,德赛西威
446,2020-12-28,sz.002925,盈趣科技
447,2020-12-28,sz.002926,华西证券
448,2020-12-28,sz.002936,郑州银行
449,2020-12-28,sz.002941,新疆交建
450,2020-12-28,sz.002946,新乳业
451,2020-12-28,sz.002948,青岛银行
452,2020-12-28,sz.002957,科瑞技术
453,2020-12-28,sz.002966,苏州银行
454,2020-12-28,sz.002985,北摩高科
455,2020-12-28,sz.300001,特锐德
456,2020-12-28,sz.300002,神州泰岳
457,2020-12-28,sz.300009,安科生物
458,2020-12-28,sz.300010,豆神教育
459,2020-12-28,sz.300012,华测检测
460,2020-12-28,sz.300017,网宿科技
461,2020-12-28,sz.300024,机器人
462,2020-12-28,sz.300026,红日药业
463,2020-12-28,sz.300058,蓝色光标
464,2020-12-28,sz.300070,碧水源
465,2020-12-28,sz.300072,三聚环保
466,2020-12-28,sz.300088,长信科技
467,2020-12-28,sz.300113,顺网科技
468,2020-12-28,sz.300115,长盈精密
469,2020-12-28,sz.300133,华策影视
470,2020-12-28,sz.300134,大富科技
471,2020-12-28,sz.300146,汤臣倍健
472,2020-12-28,sz.300166,东方国信
473,2020-12-28,sz.300168,万达信息
474,2020-12-28,sz.300180,华峰超纤
475,2020-12-28,sz.300182,捷成股份
476,2020-12-28,sz.300207,欣旺达
477,2020-12-28,sz.300212,易华录
478,2020-12-28,sz.300223,北京君正
479,2020-12-28,sz.300244,迪安诊断
480,2020-12-28,sz.300257,开山股份
481,2020-12-28,sz.300271,华宇软件
482,2020-12-28,sz.300274,阳光电源
483,2020-12-28,sz.300285,国瓷材料
484,2020-12-28,sz.300296,利亚德
485,2020-12-28,sz.300315,掌趣科技
486,2020-12-28,sz.300316,晶盛机电
487,2020-12-28,sz.300324,旋极信息
488,2020-12-28,sz.300357,我武生物
489,2020-12-28,sz.300376,易事特
490,2020-12-28,sz.300418,昆仑万维
491,2020-12-28,sz.300459,金科文化
492,2020-12-28,sz.300463,迈克生物
493,2020-12-28,sz.300474,景嘉微
494,2020-12-28,sz.300482,万孚生物
495,2020-12-28,sz.300496,中科创达
496,2020-12-28,sz.300595,欧普康视
497,2020-12-28,sz.300618,寒锐钴业
498,2020-12-28,sz.300630,普利制药
499,2020-12-28,sz.300699,光威复材
